ym,census_mean,census_p95,occ_mean,occ_p95,edwin_mean,nedocs_mean,readi_mean,board_mean,arr_per_hr,awt_curr_min,visits,arr_per_day,gap_hours,days_observed,bed_med_min,icu_med_min
2020-01,34.78763440860215,54.0,86.96908602150538,135.0,1.2664823924731181,103.41477150537634,5.671660483870967,12.22983870967742,8.603494623655914,402.1135752688172,6406,206.48387096774195,24,31,338.5,306.0
2020-02,22.982758620689655,36.25,57.456896551724135,90.625,0.6945558908045978,56.01122126436781,3.812365086206897,8.160919540229886,6.091954022988506,319.7284482758621,4246,146.20689655172413,0,29,284.0,176.0
2020-03,17.826612903225808,27.0,44.56653225806452,67.5,0.48085040322580647,55.93854838709677,2.9128942204301076,6.123655913978495,4.748655913978495,405.5067204301075,3525,113.96774193548387,0,31,244.0,156.5
2020-04,15.915277777777778,26.0,39.78819444444444,65.0,0.4255934722222222,40.39861111111111,2.7800451388888887,5.133333333333334,4.666666666666667,303.1090277777778,3361,112.0,0,30,227.0,182.0
2020-05,18.600806451612904,28.850000000000023,46.502016129032256,72.12500000000006,0.5176872311827957,42.88693548387097,3.1784451612903224,5.990591397849462,5.200268817204301,294.1962365591398,3873,124.80645161290323,0,31,247.0,160.0
2020-06,22.770833333333332,32.0,56.927083333333336,80.0,0.6532272222222222,54.92344444444444,3.714246111111111,7.458333333333333,5.9527777777777775,304.18819444444443,4285,142.86666666666667,0,30,263.0,200.0
2020-07,24.11962365591398,36.0,60.299059139784944,90.0,0.7547811827956988,59.72885752688172,3.8657278225806455,9.03494623655914,5.958333333333333,350.252688172043,4431,143.0,0,31,299.0,157.0
2020-08,23.217741935483872,32.0,58.04435483870968,80.0,0.6930720430107526,56.518965053763445,3.7650772849462366,8.239247311827956,6.036290322580645,326.2782258064516,4488,144.8709677419355,0,31,283.0,168.5
2020-09,23.5125,35.0,58.78125,87.5,0.6842459722222223,57.75938888888889,3.982124861111111,7.168055555555555,6.3277777777777775,291.44930555555555,4563,151.86666666666667,0,30,252.0,189.5
2020-10,26.044354838709676,38.0,65.11088709677419,95.0,0.8234418010752689,68.38497311827956,4.249822311827957,9.307795698924732,6.532258064516129,360.53965053763443,4859,156.7741935483871,0,31,311.5,159.5
2020-11,23.12638888888889,37.0,57.81597222222222,92.5,0.7133580555555555,67.7713888888889,3.8983970833333332,8.343055555555555,6.105555555555555,401.18333333333334,4394,146.53333333333333,0,30,283.0,202.0
2020-12,21.97043010752688,32.0,54.92607526881721,80.0,0.6414443548387097,59.07498655913979,3.662065322580645,7.549731182795699,5.684139784946237,325.4858870967742,4229,136.4193548387097,0,31,284.0,191.0
2021-01,22.606182795698924,35.0,56.51545698924731,87.5,0.6817920698924731,66.7593682795699,3.8034646505376344,7.977150537634409,5.94758064516129,337.4220430107527,4430,142.74193548387098,29,31,276.0,226.0
2021-02,21.446428571428573,32.0,53.61607142857143,80.0,0.6026174107142858,52.62815476190477,3.7499980654761904,6.590773809523809,6.166666666666667,288.6041666666667,4144,148.0,0,28,240.0,187.0
2021-03,20.99462365591398,31.0,52.486559139784944,77.5,0.597932123655914,53.0678629032258,3.541111559139785,7.048387096774194,5.713709677419355,302.24529569892474,4251,137.1290322580645,0,31,257.0,196.0
2021-04,22.240277777777777,32.0,55.60069444444444,80.0,0.67295,61.289625,3.7676618055555555,8.498611111111112,5.955555555555556,307.04027777777776,4286,142.93333333333334,0,30,282.0,202.0
2021-05,20.033602150537636,34.0,50.08400537634409,85.0,0.5407123655913979,50.73271505376344,3.469062768817204,6.637096774193548,6.387096774193548,294.37836021505376,4747,153.29032258064515,0,31,240.0,172.0
2021-06,23.720833333333335,40.0,59.302083333333336,100.0,0.7695826388888889,79.22347222222223,3.6890826388888893,10.67361111111111,5.627777777777778,448.66527777777776,4051,135.06666666666666,29,30,316.0,323.0
2021-07,24.561827956989248,37.0,61.40456989247312,92.5,0.771268817204301,69.07608870967742,3.8034486559139786,9.68010752688172,5.739247311827957,388.6404569892473,4270,137.74193548387098,0,31,315.0,284.0
2021-08,21.112903225806452,32.0,52.78225806451613,80.0,0.6273936827956988,51.93690860215053,3.4490510752688173,8.111559139784946,5.279569892473118,336.2970430107527,3929,126.70967741935483,0,31,314.0,182.5
2021-09,23.56388888888889,35.0,58.90972222222222,87.5,0.7064409722222222,60.990027777777776,3.7989593055555555,9.011111111111111,5.9625,337.84027777777777,4299,143.10000000000002,0,30,317.0,189.0
2021-10,23.482526881720432,35.0,58.70631720430107,87.5,0.6956178763440861,59.3676747311828,3.8546967741935485,8.435483870967742,6.118279569892473,321.5416666666667,4552,146.83870967741936,0,31,315.0,193.0
2021-11,23.816666666666666,35.0,59.541666666666664,87.5,0.7068345833333334,60.38572222222222,3.919911111111111,8.248611111111112,6.0777777777777775,329.3020833333333,4372,145.86666666666667,0,30,296.0,168.0
2021-12,20.798387096774192,32.0,51.99596774193548,80.0,0.5942552419354838,49.53927419354839,3.5752880376344085,6.94758064516129,5.856182795698925,287.0369623655914,4359,140.5483870967742,0,31,277.0,177.0
2022-01,21.251344086021504,33.0,53.12836021505376,82.5,0.6217180107526882,53.93365591397849,3.6952056451612907,7.485215053763441,6.686827956989247,291.90524193548384,4972,160.48387096774192,0,31,272.0,182.0
2022-02,22.06845238095238,35.0,55.17113095238095,87.5,0.6346232142857142,56.693065476190476,3.7619354166666663,7.529761904761905,6.625,288.8936011904762,4453,159.0,0,28,266.0,193.0
2022-03,22.708333333333332,35.0,56.770833333333336,87.5,0.6536014784946237,54.60466397849463,3.86371814516129,7.419354838709677,6.25,287.0819892473118,4649,150.0,0,31,271.5,189.0
2022-04,26.49861111111111,45.049999999999955,66.24652777777777,112.62499999999989,0.775523611111111,66.71308333333333,4.4995030555555555,8.480555555555556,8.879166666666666,341.9604166666667,6403,213.1,0,30,270.0,182.5
2022-05,30.758064516129032,66.85000000000002,76.89516129032258,167.12500000000006,0.8675823924731183,84.63899193548387,5.446816801075269,9.981182795698924,15.048387096774194,381.5235215053763,11193,361.16129032258067,0,31,304.0,233.0
2022-06,25.56111111111111,38.0,63.90277777777778,95.0,0.8941166666666667,74.33159722222223,4.221134305555555,11.555555555555555,7.215277777777778,394.04305555555555,5190,173.16666666666666,0,30,300.0,288.5
2022-07,23.5,36.0,58.75,90.0,0.7289573924731182,66.94267473118279,3.9983559139784948,9.154569892473118,6.80241935483871,325.3333333333333,5058,163.25806451612902,0,31,288.5,237.0
2022-08,22.276881720430108,34.0,55.69220430107527,85.0,0.6471481182795699,56.13689516129032,3.9460556451612905,8.033602150537634,7.076612903225806,304.005376344086,5269,169.83870967741933,0,31,267.0,231.0
2022-09,26.495833333333334,42.0,66.23958333333333,105.0,0.87459,73.0916111111111,4.529466527777778,10.394444444444444,8.591666666666667,344.77916666666664,6183,206.2,0,30,301.0,212.5
2022-10,29.125,46.0,72.8125,115.0,1.0365801075268817,81.54853494623656,4.872868413978495,12.283602150537634,8.758064516129032,386.9657258064516,6513,210.19354838709677,29,31,360.5,231.0
2022-11,25.488888888888887,39.0,63.72222222222222,97.5,0.8418730555555556,75.39809722222222,4.314112638888888,10.352777777777778,7.1819444444444445,350.98125,5172,172.36666666666667,0,30,292.5,272.0
2022-12,24.024193548387096,37.0,60.060483870967744,92.5,0.7527595430107527,67.94037634408602,4.051727284946236,9.311827956989248,6.870967741935484,332.18413978494624,5115,164.90322580645162,0,31,291.0,232.0
2023-01,27.370967741935484,41.85000000000002,68.4274193548387,104.62500000000006,0.9359151881720431,85.51815860215054,4.6536514784946235,11.602150537634408,8.36021505376344,397.2116935483871,6224,200.64516129032256,0,31,319.5,341.0
2023-02,31.324404761904763,51.44999999999993,78.3110119047619,128.62499999999983,1.9333791666666666,101.17818452380953,4.811177083333333,15.625,7.370535714285714,483.5967261904762,4950,176.89285714285714,0,28,409.0,326.0
2023-03,31.543010752688172,47.0,78.85752688172043,117.5,1.4557323924731185,97.92153225806452,4.738219758064516,16.508064516129032,6.932795698924731,538.7083333333334,5159,166.38709677419354,0,31,540.0,296.0
2023-04,27.61111111111111,42.0,69.02777777777777,105.0,1.028877361111111,79.37184722222223,4.391544861111111,12.456944444444444,7.143055555555556,431.3833333333333,5149,171.43333333333334,0,30,385.5,193.0
2023-05,46.935483870967744,65.0,117.33870967741936,162.5,11.61668817204301,154.14797043010753,6.470062231182796,27.54032258064516,8.151881720430108,758.4086021505376,6054,195.6451612903226,0,31,1050.0,328.0
2023-06,40.334722222222226,54.0,100.83680555555556,135.0,2.274923333333333,145.73419444444443,5.953416666666667,20.783333333333335,8.276388888888889,748.9354166666667,5965,198.63333333333333,0,30,535.0,297.0
2023-07,37.88709677419355,52.0,94.71774193548387,130.0,2.5196744623655913,120.98462365591398,5.469729032258065,20.353494623655912,7.428763440860215,602.7741935483871,5524,178.29032258064515,0,31,681.0,266.0
2023-08,30.24462365591398,43.0,75.61155913978494,107.5,1.3370420698924732,89.93797043010754,4.731772580645162,14.384408602150538,7.026881720430108,450.1317204301075,5227,168.6451612903226,0,31,439.5,233.0
2023-09,29.88888888888889,47.0,74.72222222222223,117.5,1.316760138888889,81.15923611111111,4.897234583333333,12.66388888888889,7.9,417.0111111111111,5694,189.60000000000002,0,30,361.0,190.5
2023-10,33.494623655913976,48.0,83.73655913978494,120.0,1.6361202956989247,95.0052553763441,5.189157661290323,16.306451612903224,7.858870967741935,513.9153225806451,5846,188.61290322580643,0,31,589.5,219.0
2023-11,29.141666666666666,45.0,72.85416666666667,112.5,1.4932901388888888,83.124375,4.625048472222223,13.965277777777779,7.405555555555556,461.49444444444447,5328,177.73333333333335,0,30,505.0,221.0
2023-12,33.61693548387097,53.0,84.04233870967742,132.5,2.852855510752688,106.14805107526881,5.123714112903226,17.06048387096774,7.521505376344086,523.2755376344086,5597,180.51612903225805,0,31,589.0,242.0
2024-01,39.774193548387096,56.0,99.43548387096774,140.0,4.451402284946236,131.97479838709677,5.690408870967742,22.756720430107528,7.787634408602151,653.049059139785,5789,186.90322580645162,0,31,900.0,248.5
2024-02,32.06609195402299,48.0,80.16522988505747,120.0,1.4243689655172413,100.81682471264367,5.063762212643678,14.882183908045977,8.137931034482758,478.66954022988506,5670,195.3103448275862,0,29,478.5,324.0
2024-03,39.3494623655914,54.0,98.3736559139785,135.0,5.282215188172043,130.90662634408602,5.544629301075269,23.629032258064516,6.918010752688172,681.9112903225806,5151,166.03225806451613,0,31,964.0,302.5
2024-04,33.704166666666666,48.0,84.26041666666667,120.0,2.6733693055555556,97.6730138888889,5.014593055555555,18.043055555555554,7.1097222222222225,548.4381944444444,5116,170.63333333333333,0,30,756.0,194.0
2024-05,34.48521505376344,52.0,86.21303763440861,130.0,3.8648280913978494,113.55252688172044,5.053011693548387,19.90456989247312,6.946236559139785,663.3239247311828,5164,166.70967741935485,0,31,744.5,251.0
2024-06,49.577777777777776,70.04999999999995,123.94444444444444,175.1249999999999,17.427091666666666,178.5234027777778,6.622594722222223,30.508333333333333,7.722222222222222,1060.8034722222221,5562,185.33333333333334,0,30,1284.5,318.0
2024-07,52.240591397849464,69.0,130.60147849462365,172.5,23.38007325268817,186.37568548387097,6.639720161290322,34.028225806451616,7.073924731182796,1181.616935483871,5262,169.7741935483871,0,31,1529.0,273.0
2024-08,36.26209677419355,61.85000000000002,90.65524193548387,154.62500000000006,7.012868817204302,120.99249999999999,4.994647580645162,20.28494623655914,6.396505376344086,811.9879032258065,4758,153.51612903225805,0,31,597.0,269.0
2024-09,31.618055555555557,51.0,79.04513888888889,127.5,2.6991143055555558,100.31622222222221,4.741905694444444,16.554166666666667,6.925,558.41875,4987,166.2,0,30,582.0,290.5
2024-10,40.52284946236559,58.0,101.30712365591398,145.0,4.428434811827957,131.1356989247312,5.5831520161290324,23.436827956989248,6.895161290322581,813.567876344086,5132,165.48387096774195,0,31,1036.0,212.0
2024-11,30.520833333333332,47.0,76.30208333333333,117.5,1.8094630555555555,93.00500000000001,4.556866805555556,16.5,6.575,571.2208333333333,4732,157.8,0,30,614.0,230.0
2024-12,30.827956989247312,47.0,77.06989247311827,117.5,1.4757345430107527,95.38916666666665,4.631432392473118,16.087365591397848,6.462365591397849,516.9704301075269,4808,155.09677419354838,0,31,551.0,259.0
2025-01,36.526881720430104,53.0,91.31720430107526,132.5,2.435575,113.63604838709678,5.605291801075269,18.916666666666668,8.13978494623656,610.4630376344086,6067,195.35483870967744,0,31,713.5,231.0
2025-02,45.74107142857143,67.0,114.35267857142857,167.5,12.550723511904762,149.02215773809525,6.550311458333333,25.958333333333332,8.342261904761905,757.5379464285714,5597,200.21428571428572,0,28,916.0,249.0
2025-03,33.67741935483871,52.0,84.19354838709677,130.0,2.3974143817204303,111.45737903225806,4.973720026881721,18.581989247311828,6.778225806451613,590.8481182795699,5040,162.67741935483872,0,31,681.0,291.0
2025-04,35.172222222222224,63.0,87.93055555555556,157.5,6.962258749999999,116.61830555555555,5.035473472222222,20.745833333333334,6.408333333333333,644.2826388888889,4613,153.8,0,30,700.0,279.0
2025-05,32.62768817204301,56.0,81.56922043010752,140.0,5.332746774193549,106.4947311827957,4.76185685483871,18.698924731182796,6.271505376344086,605.7137096774194,4668,150.51612903225805,49,30,610.5,375.0
2025-06,37.94027777777778,55.0,94.85069444444444,137.5,5.978636111111111,127.65091666666667,5.430712777777777,22.554166666666667,6.752777777777778,661.6972222222222,4865,162.06666666666666,48,29,788.0,277.0
2025-07,39.19489247311828,56.0,97.9872311827957,140.0,6.399497983870967,129.85373655913978,5.38269126344086,23.678763440860216,6.575268817204301,735.5893817204301,4894,157.80645161290323,1,31,866.5,323.0
2025-08,29.692204301075268,45.85000000000002,74.23051075268818,114.62500000000006,1.349748924731183,86.68826612903226,4.508938844086022,15.053763440860216,6.395161290322581,516.5974462365591,4753,153.48387096774195,49,30,498.0,262.5
2025-09,37.90833333333333,54.0,94.77083333333333,135.0,2.9155768055555553,120.386,5.3743823611111115,22.080555555555556,6.895833333333333,658.18125,4967,165.5,0,30,825.0,233.0
2025-10,31.662634408602152,49.85000000000002,79.15658602150538,124.62500000000006,1.681905376344086,93.0424059139785,4.869880510752688,15.915322580645162,6.956989247311828,503.1619623655914,5176,166.96774193548387,0,31,517.0,267.0
2025-11,28.069444444444443,42.0,70.17361111111111,105.0,1.1699697222222223,81.03105555555555,4.483369166666667,13.373611111111112,6.558333333333334,444.30069444444445,4723,157.4,0,30,397.0,244.0
2025-12,29.51478494623656,44.0,73.78696236559139,110.0,1.4119716397849464,98.38233870967743,4.546482123655914,14.766129032258064,6.163978494623656,499.7217741935484,4581,147.93548387096774,0,31,450.0,299.0
